1690533886.337,1.646341,3.231707,0.609756,-0.192627,0.081543,1.007568
1690533886.347,2.134146,4.268293,0.060976,-0.203613,0.089844,1.029785
1690533886.357,3.048780,5.121951,-0.548780,-0.229004,0.099121,1.004639
1690533886.371,4.085366,4.268293,-0.731707,-0.221924,0.098389,1.015381
1690533886.383,5.365854,2.926829,-0.670732,-0.253906,0.093994,1.028809
1690533886.392,7.012195,1.097561,-0.304878,-0.233887,0.099365,1.030518
1690533886.405,7.743902,0.121951,1.341463,-0.215576,0.111328,1.032715
1690533886.418,7.500000,-0.121951,2.682927,-0.198486,0.118652,1.027832
1690533886.427,7.743902,-0.792683,4.268293,-0.195557,0.127930,1.026611
1690533886.437,8.719512,-1.646341,5.060976,-0.204590,0.126465,1.019287
1690533886.447,9.268293,-3.109756,6.097561,-0.199463,0.120117,1.020020
1690533886.457,9.817073,-4.817073,7.500000,-0.194824,0.116699,1.018799
1690533886.472,11.951220,-5.121951,8.292683,-0.172607,0.098633,1.012695
1690533886.483,16.646341,-4.878049,9.268293,-0.168701,0.093750,0.991455
1690533886.498,19.756098,-7.256098,14.146341,-0.093750,0.065186,0.972656
1690533886.508,22.378049,-5.060976,11.402439,-0.156250,0.116455,0.968994
1690533886.517,20.243902,-4.085366,14.024390,-0.156250,0.138184,0.961426
1690533886.527,18.048780,-3.231707,15.182927,-0.158203,0.135254,0.952393
1690533886.536,16.463415,-2.500000,13.780488,-0.169434,0.112061,0.939209
1690533886.545,16.036585,-3.475610,13.048780,-0.170166,0.099609,0.927246
1690533886.556,15.670732,-2.378049,11.402439,-0.174805,0.094971,0.900635
1690533886.565,15.182927,-1.280488,10.914634,-0.167236,0.100098,0.881836
1690533886.573,14.634146,0.548780,9.512195,-0.156982,0.087891,0.869873
1690533886.582,13.780488,2.987805,8.292683,-0.152344,0.078125,0.872070
1690533886.591,12.621951,5.426829,6.707317,-0.150146,0.067383,0.881348
1690533886.600,11.219512,8.292683,4.756098,-0.152100,0.057861,0.885742
1690533886.609,10.426829,10.731707,3.109756,-0.155518,0.050049,0.894287
1690533886.618,9.207317,12.560976,1.219512,-0.167236,0.042725,0.875732
1690533886.627,8.109756,13.841463,-0.792683,-0.171631,0.039062,0.912109
1690533886.636,6.890244,15.304878,-2.804878,-0.182373,0.031738,0.911133
1690533886.644,5.731707,16.829268,-5.426829,-0.190186,0.027344,0.907471
1690533886.654,4.024390,17.804878,-7.500000,-0.195068,0.021240,0.896240
1690533886.665,1.219512,17.926829,-9.207317,-0.207520,0.032471,0.897949
1690533886.673,-2.865854,18.536585,-10.060976,-0.216553,0.039062,0.903809
1690533886.683,-7.987805,19.329268,-10.609756,-0.218994,0.019287,0.910889
1690533886.692,-10.548780,21.036585,-11.341463,-0.233887,0.010254,0.913574
1690533886.701,-11.524390,22.195122,-11.890244,-0.246582,0.002197,0.917236
1690533886.710,-10.853659,22.134146,-12.682927,-0.259277,-0.012939,0.933350
1690533886.722,-8.109756,22.987805,-14.085366,-0.273682,-0.028564,0.944580
1690533886.731,-4.939024,22.926829,-15.000000,-0.280518,-0.035645,0.938477
1690533886.740,-2.378049,22.317073,-16.341463,-0.300293,-0.043457,0.968750
1690533886.749,-1.890244,22.012195,-17.560976,-0.305420,-0.044189,0.959229
1690533886.759,-1.890244,22.195122,-18.902439,-0.311279,-0.044922,0.959473
1690533886.768,-3.414634,21.707317,-20.000000,-0.313477,-0.034668,0.949219
1690533886.777,-5.243902,21.463415,-21.097561,-0.325439,-0.027588,0.941650
1690533886.786,-7.195122,20.975610,-22.560976,-0.322266,-0.031982,0.947754
1690533886.795,-8.475610,20.914634,-24.756098,-0.318604,-0.048828,0.952393
1690533886.803,-9.268293,20.792683,-26.707317,-0.314941,-0.054932,0.958008
1690533886.812,-8.963415,21.402439,-29.024390,-0.281738,-0.031738,0.938477
1690533886.821,-8.048780,21.585366,-31.036585,-0.308105,-0.074707,0.976318
1690533886.829,-6.585366,22.195122,-33.780488,-0.306396,-0.084229,0.986572
1690533886.838,-4.329268,22.865854,-35.487805,-0.304932,-0.078613,0.995361
1690533886.847,-1.646341,23.475610,-38.048780,-0.309814,-0.073242,0.986328
1690533886.855,0.609756,23.841463,-40.121951,-0.312744,-0.073730,0.991211
1690533886.864,2.073171,24.207317,-41.951220,-0.315430,-0.071777,0.985352
1690533886.872,5.243902,21.951220,-44.695122,-0.318848,-0.066895,0.977295
1690533886.888,7.012195,23.170732,-49.268293,-0.320068,-0.074463,0.988525
1690533886.897,5.853659,23.780488,-51.463415,-0.316162,-0.052246,0.968994
1690533886.906,3.353659,23.353659,-55.365854,-0.323486,-0.042480,1.016357
1690533886.918,1.707317,23.658537,-59.146341,-0.326416,-0.030029,1.022461
1690533886.927,0.060976,23.597561,-60.609756,-0.336670,-0.036377,1.016113
1690533886.936,0.121951,23.536585,-62.134146,-0.346924,-0.040039,1.012939
1690533886.944,2.378049,23.353659,-62.987805,-0.353516,-0.047852,1.000244
1690533886.953,5.060976,22.865854,-63.963415,-0.362305,-0.050537,1.012939
1690533886.961,6.768293,22.378049,-65.304878,-0.369873,-0.049316,1.015625
1690533886.970,6.829268,22.560976,-66.402439,-0.374268,-0.035645,1.021729
1690533886.979,6.097561,22.926829,-68.597561,-0.373779,-0.023682,1.034912
1690533886.988,3.963415,22.743902,-71.280488,-0.380371,-0.015869,1.025391
1690533886.997,1.646341,23.170732,-73.109756,-0.385498,-0.013184,1.025879
1690533887.005,0.243902,23.170732,-75.304878,-0.389160,-0.021240,1.031982
1690533887.014,0.609756,22.743902,-76.646341,-0.400391,-0.030518,1.062012
1690533887.024,3.170732,22.134146,-76.341463,-0.398926,-0.049072,1.049072
1690533887.033,8.231707,20.304878,-82.926829,-0.421387,-0.043213,1.049072
1690533887.041,11.585366,21.585366,-79.451220,-0.425537,-0.015869,1.044678
1690533887.050,12.256098,31.036585,-77.012195,-0.406738,-0.002930,1.065918
1690533887.059,13.963415,17.073171,-81.524390,-0.411377,0.015137,1.060303
1690533887.069,13.841463,18.414634,-80.365854,-0.425781,0.019043,1.072754
1690533887.078,14.939024,18.597561,-81.036585,-0.417725,0.026123,1.088379
1690533887.087,16.097561,16.524390,-82.926829,-0.422852,0.014404,1.100830
1690533887.096,17.439024,13.170732,-82.804878,-0.408203,0.023193,1.108643
1690533887.105,16.646341,10.426829,-85.060976,-0.435303,0.046143,1.107666
1690533887.114,15.182927,10.731707,-85.060976,-0.439697,0.032227,1.083740
1690533887.123,13.902439,9.573171,-84.756098,-0.435059,0.076416,1.090332
1690533887.132,12.926829,8.658537,-85.670732,-0.438721,0.082275,1.106201
1690533887.141,12.926829,7.500000,-86.890244,-0.439209,0.085938,1.130859
1690533887.150,12.195122,6.768293,-87.134146,-0.429443,0.107178,1.132812
1690533887.159,8.597561,8.292683,-81.768293,-0.440186,0.148926,1.115723
1690533887.167,3.780488,15.426829,-85.792683,-0.416992,0.215576,1.222656
1690533887.176,-0.609756,15.243902,-86.402439,-0.392090,0.121094,1.156006
1690533887.185,3.414634,3.597561,-84.939024,-0.459473,0.107910,1.125000
1690533887.194,10.060976,-3.902439,-83.902439,-0.476074,0.099121,1.147949
1690533887.204,20.670732,-3.231707,-84.268293,-0.472168,0.077637,1.135742
1690533887.212,32.012195,-7.987805,-81.768293,-0.498535,0.100342,1.140869
1690533887.221,40.365854,-12.865854,-82.073171,-0.471191,0.127441,1.139160
1690533887.231,42.256098,-15.548780,-80.792683,-0.452148,0.157959,1.131592
1690533887.240,37.987805,-0.060976,-93.597561,-0.431885,0.225830,1.122559
1690533887.249,46.768293,-16.036585,-73.536585,-0.416748,0.232422,1.117188
1690533887.257,25.975610,-17.500000,-70.243902,-0.404297,0.231201,1.122314
1690533887.266,22.560976,-19.146341,-69.573171,-0.404541,0.230957,1.125244
1690533887.275,19.817073,-22.317073,-66.585366,-0.405273,0.224854,1.136963
1690533887.284,18.414634,-25.426829,-64.390244,-0.416748,0.219727,1.155762
1690533887.293,17.987805,-29.756098,-55.792683,-0.421387,0.228516,1.159668
1690533887.303,19.146341,-32.804878,-52.012195,-0.408203,0.222900,1.153809
1690533887.312,18.780488,-34.390244,-51.890244,-0.395508,0.239014,1.148926
1690533887.321,15.121951,-35.304878,-44.024390,-0.385010,0.258057,1.145752
1690533887.330,11.707317,-36.341463,-39.329268,-0.383057,0.263428,1.151367
1690533887.338,8.170732,-38.170732,-37.865854,-0.376221,0.260986,1.144775
1690533887.347,6.219512,-41.402439,-30.365854,-0.390625,0.233154,1.128662
1690533887.356,11.036585,-44.512195,-28.536585,-0.383545,0.206543,1.110352
1690533887.365,13.719512,-45.182927,-33.719512,-0.370605,0.184326,1.111816
1690533887.373,12.560976,-45.243902,-32.256098,-0.363281,0.226562,1.114014
1690533887.382,7.743902,-45.609756,-25.853659,-0.362549,0.244873,1.110840
1690533887.391,5.731707,-49.695122,-14.451220,-0.356689,0.199219,1.125000
1690533887.400,8.841463,-52.256098,-16.829268,-0.325439,0.170166,1.127197
1690533887.408,13.109756,-54.146341,-15.670732,-0.307373,0.168457,1.115723
1690533887.418,10.975610,-53.780488,-15.060976,-0.316895,0.193848,1.103760
1690533887.427,7.804878,-53.719512,-10.548780,-0.322266,0.218262,1.092529
1690533887.436,4.878049,-54.512195,-9.817073,-0.333984,0.203125,1.085938
1690533887.444,3.414634,-56.280488,-8.963415,-0.329102,0.181885,1.076660
1690533887.454,5.121951,-57.560976,-6.097561,-0.339600,0.169434,1.064697
1690533887.462,5.975610,-58.109756,-4.390244,-0.285400,0.143555,1.064453
1690533887.471,5.853659,-59.207317,-2.195122,-0.268799,0.144775,1.065674
1690533887.480,5.853659,-59.939024,0.060976,-0.257324,0.166016,1.072021
1690533887.492,6.219512,-60.670732,2.500000,-0.239746,0.161377,1.059082
1690533887.501,7.073171,-61.524390,3.475610,-0.229004,0.154541,1.040039
1690533887.510,8.048780,-60.914634,4.329268,-0.226807,0.145508,1.031006
1690533887.519,10.000000,-61.402439,7.621951,-0.225586,0.134521,1.022705
1690533887.528,13.170732,-61.768293,7.560976,-0.225098,0.142578,1.026855
1690533887.537,14.512195,-62.804878,10.121951,-0.220459,0.145752,1.033203
1690533887.546,13.841463,-62.317073,9.756098,-0.211426,0.160156,1.033936
1690533887.555,10.853659,-61.951220,10.487805,-0.197021,0.172607,1.033447
1690533887.563,6.341463,-61.829268,12.682927,-0.178467,0.170410,1.024414
1690533887.572,2.804878,-62.134146,14.695122,-0.159180,0.166992,1.024414
1690533887.581,1.280488,-61.951220,16.158537,-0.135498,0.159424,1.015381
1690533887.589,1.219512,-60.853659,17.682927,-0.123535,0.142090,1.012695
1690533887.598,3.780488,-60.182927,18.536585,-0.123291,0.125244,0.992676
1690533887.606,7.500000,-60.182927,20.243902,-0.123047,0.137939,0.992432
1690533887.615,9.573171,-60.121951,20.670732,-0.122314,0.131592,1.013184
1690533887.625,15.182927,-61.890244,23.841463,-0.111084,0.118408,0.969971
1690533887.634,17.012195,-62.134146,22.621951,-0.095947,0.130371,0.996826
1690533887.642,18.780488,-63.170732,29.390244,-0.096924,0.143066,1.003906
1690533887.651,20.426829,-62.256098,26.280488,-0.064697,0.164307,1.005859
1690533887.660,15.792683,-59.756098,23.414634,-0.029053,0.197754,1.005371
1690533887.668,6.402439,-57.804878,46.585366,-0.045898,0.206787,0.995117
1690533887.677,1.524390,-55.121951,27.378049,-0.051270,0.199951,0.986328
1690533887.686,-6.463415,-54.512195,30.365854,-0.027588,0.199951,0.985596
1690533887.694,-10.365854,-54.390244,34.085366,-0.018799,0.176270,0.988037
1690533887.703,-11.158537,-55.121951,31.585366,-0.007324,0.168945,0.983398
1690533887.711,-12.439024,-55.670732,32.073171,-0.002197,0.175293,0.969238
1690533887.720,-15.426829,-55.243902,36.768293,-0.002930,0.155273,0.965332
1690533887.729,-14.695122,-54.085366,34.695122,0.009766,0.144287,0.973633
1690533887.738,-12.378049,-53.414634,37.560976,0.023193,0.141846,0.982666
1690533887.746,-11.463415,-52.500000,41.097561,0.027100,0.155029,0.994385
1690533887.755,-7.195122,-52.865854,43.048780,0.036621,0.121338,0.979492
1690533887.764,-2.987805,-53.780488,43.963415,0.038574,0.095215,0.960205
1690533887.772,-15.548780,-53.414634,44.573171,0.046631,0.096436,0.960205
1690533887.781,0.365854,-52.621951,43.902439,0.093262,0.109375,0.952393
1690533887.789,0.182927,-51.951220,50.365854,0.068604,0.082275,0.936035
1690533887.798,1.341463,-50.914634,50.670732,0.092773,0.091064,0.928711
1690533887.807,3.902439,-50.243902,51.280488,0.102539,0.097900,0.925537
1690533887.815,5.000000,-49.695122,49.329268,0.112793,0.114502,0.930908
1690533887.824,1.402439,-49.268293,50.426829,0.118408,0.128174,0.939697
1690533887.833,-2.439024,-49.024390,52.682927,0.114746,0.118652,0.925293
1690533887.841,-5.853659,-48.292683,53.048780,0.132080,0.113281,0.927979
1690533887.850,-9.451220,-46.951220,53.963415,0.145752,0.096924,0.927246
1690533887.859,-11.768293,-45.609756,55.060976,0.139160,0.082764,0.929443
1690533887.867,-13.292683,-44.512195,55.243902,0.148438,0.073486,0.905029
1690533887.876,-14.878049,-43.170732,55.487805,0.146484,0.071045,0.896484
1690533887.885,-15.914634,-42.012195,57.804878,0.151123,0.064209,0.879395
1690533887.894,-13.292683,-41.280488,60.975610,0.127197,0.017822,0.871338
1690533887.902,-10.426829,-41.707317,57.378049,0.154785,0.043701,0.904785
1690533887.911,-9.024390,-41.219512,59.817073,0.176514,0.028076,0.875244
1690533887.919,-5.487805,-39.512195,60.731707,0.190918,0.003906,0.869141
1690533887.928,-1.036585,-39.695122,61.341463,0.208252,-0.023682,0.861084
1690533887.937,0.060976,-37.439024,60.975610,0.217773,-0.009033,0.835449
1690533887.946,0.121951,-35.121951,62.560976,0.213379,0.001221,0.819580
1690533887.955,-0.243902,-33.048780,63.231707,0.209229,-0.000732,0.818604
1690533887.963,-1.402439,-31.707317,63.170732,0.209473,-0.001221,0.811523
1690533887.972,-2.195122,-30.304878,63.597561,0.213623,-0.004883,0.797119
1690533887.980,-2.987805,-28.536585,63.902439,0.225586,-0.011719,0.785400
1690533887.989,-4.024390,-25.792683,63.841463,0.250244,-0.009033,0.784668
1690533887.998,-6.280488,-23.597561,62.987805,0.262207,-0.024658,0.775879
1690533888.007,-8.902439,-21.707317,62.865854,0.254395,-0.046875,0.759277
1690533888.016,-10.426829,-19.817073,61.768293,0.270020,-0.037842,0.782959
1690533888.025,-12.560976,-17.439024,61.707317,0.267578,-0.062012,0.769287
1690533888.034,-14.573171,-15.060976,62.134146,0.269287,-0.043945,0.766602
1690533888.042,-16.585366,-12.621951,60.487805,0.268799,-0.056396,0.775879
1690533888.051,-18.231707,-9.817073,59.024390,0.263184,-0.066895,0.761963
1690533888.061,-17.073171,-6.707317,59.207317,0.255859,-0.075439,0.758789
1690533888.069,-15.731707,-4.939024,58.170732,0.254883,-0.091553,0.756348
1690533888.078,-13.780488,-4.329268,58.475610,0.256348,-0.118408,0.797852
1690533888.087,-9.146341,-4.207317,58.902439,0.277588,-0.127930,0.832275
1690533888.097,-3.963415,-3.292683,57.987805,0.297607,-0.157227,0.833008
1690533888.105,1.463415,-2.195122,58.048780,0.306396,-0.159180,0.822510
1690533888.113,4.878049,0.060976,56.951220,0.310547,-0.159912,0.823730
1690533888.122,7.134146,1.890244,57.926829,0.309814,-0.164795,0.810791
1690533888.131,10.792683,2.804878,58.231707,0.295410,-0.149170,0.802979
1690533888.140,13.597561,3.536585,57.012195,0.288330,-0.125977,0.815674
1690533888.148,14.451220,4.329268,56.524390,0.285400,-0.155762,0.819580
1690533888.157,14.695122,5.487805,57.012195,0.279785,-0.143555,0.826904
1690533888.166,14.085366,6.402439,56.768293,0.273438,-0.129639,0.848145
1690533888.174,10.853659,6.951220,56.280488,0.271484,-0.131592,0.856445
1690533888.183,6.036585,8.048780,56.707317,0.262939,-0.135254,0.862061
1690533888.192,3.048780,9.451220,56.524390,0.260010,-0.142822,0.850586
1690533888.201,1.829268,10.853659,57.073171,0.263672,-0.156982,0.840820
1690533888.209,2.926829,11.951220,57.621951,0.263184,-0.172119,0.834961
1690533888.218,6.646341,13.048780,58.048780,0.221436,-0.156982,0.821777
1690533888.227,12.439024,13.963415,58.048780,0.240967,-0.198486,0.805176
1690533888.236,18.536585,15.548780,56.463415,0.231934,-0.189697,0.843018
1690533888.245,22.682927,16.463415,55.243902,0.215820,-0.179688,0.816406
1690533888.254,23.109756,16.951220,54.207317,0.214600,-0.175781,0.857422
1690533888.263,20.914634,17.439024,53.780488,0.224365,-0.165527,0.845459
1690533888.271,18.902439,18.719512,54.634146,0.243408,-0.170898,0.877441
1690533888.280,17.804878,20.670732,54.939024,0.251465,-0.174072,0.861328
1690533888.289,18.353659,22.317073,55.000000,0.254395,-0.168701,0.845947
1690533888.297,18.658537,23.841463,53.963415,0.255615,-0.155029,0.840820
1690533888.306,16.524390,25.914634,52.256098,0.246582,-0.135010,0.818604
1690533888.315,13.902439,29.024390,50.243902,0.234619,-0.127197,0.790283
1690533888.324,12.073171,32.560976,49.085366,0.216309,-0.120605,0.760986
1690533888.333,10.609756,34.939024,48.536585,0.207275,-0.142822,0.765381
1690533888.342,11.036585,36.646341,48.719512,0.203125,-0.167725,0.789551
1690533888.351,15.304878,38.109756,49.878049,0.201416,-0.178467,0.801514
1690533888.360,20.914634,39.878049,49.268293,0.203369,-0.176270,0.828857
1690533888.369,25.914634,41.890244,47.926829,0.201660,-0.143066,0.827393
1690533888.378,27.500000,43.719512,47.743902,0.192139,-0.128174,0.858154
1690533888.387,25.243902,45.243902,45.914634,0.182129,-0.139648,0.902344
1690533888.395,22.560976,46.463415,45.487805,0.164795,-0.157959,0.920898
1690533888.404,19.451220,47.195122,44.085366,0.160889,-0.174805,0.979004
1690533888.413,14.268293,47.134146,42.256098,0.166504,-0.163818,1.003906
1690533888.425,7.804878,47.804878,42.317073,0.167236,-0.126465,0.977539
1690533888.435,-1.341463,49.207317,42.073171,0.159424,-0.107910,0.965088
1690533888.443,-7.743902,50.487805,41.829268,0.135498,-0.111328,0.952148
1690533888.454,-8.658537,50.365854,41.402439,0.097656,-0.144531,0.966064
1690533888.462,-1.585366,48.841463,40.000000,0.074951,-0.177246,0.927246
1690533888.471,9.695122,47.865854,39.390244,0.047363,-0.220459,0.908447
1690533888.480,22.073171,46.890244,38.170732,0.030029,-0.267090,1.021484
1690533888.489,34.695122,44.512195,36.463415,0.029785,-0.245605,1.077393
1690533888.498,44.024390,41.951220,36.402439,0.041260,-0.213867,1.077148
1690533888.507,48.658537,40.609756,35.487805,0.052246,-0.175293,1.061768
1690533888.515,47.621951,41.097561,35.609756,0.066406,-0.147949,1.035645
1690533888.525,42.987805,42.804878,36.890244,0.074951,-0.124756,1.003906
1690533888.534,37.621951,44.329268,37.195122,0.071777,-0.122803,0.952637
1690533888.542,32.195122,46.341463,35.548780,0.091064,-0.079834,0.951904
1690533888.551,24.756098,47.743902,33.048780,0.031494,-0.084717,0.959961
1690533888.560,17.195122,48.536585,31.524390,-0.006592,-0.113281,0.939453
1690533888.570,14.207317,48.536585,29.817073,-0.020020,-0.143799,1.007324
1690533888.578,14.024390,46.707317,28.231707,-0.014648,-0.156250,1.030762
1690533888.587,0.000000,45.121951,26.951220,0.010254,-0.150146,1.020996
1690533888.596,15.853659,46.036585,25.487805,0.019287,-0.131348,1.015137
1690533888.604,13.780488,48.841463,25.548780,0.032715,-0.111572,0.991699
1690533888.613,8.963415,52.682927,26.646341,0.029785,-0.085693,0.961182
1690533888.622,4.329268,56.524390,25.487805,0.000732,-0.071045,0.929932
1690533888.631,15.548780,57.865854,26.158537,-0.038574,-0.061035,0.899902
1690533888.639,-5.426829,58.780488,25.304878,-0.086670,-0.085938,0.877197
1690533888.648,-10.792683,57.743902,24.756098,-0.097412,-0.135742,0.883057
1690533888.657,-15.000000,55.609756,25.731707,-0.087158,-0.159180,0.961670
1690533888.665,-16.707317,54.390244,27.378049,-0.074219,-0.156982,0.968994
1690533888.674,-18.536585,53.719512,28.963415,-0.054688,-0.165039,0.989258
1690533888.683,-20.731707,55.182927,29.085366,-0.035400,-0.154541,1.014648
1690533888.692,-21.463415,56.524390,30.000000,-0.043457,-0.139404,1.013672
1690533888.701,-21.036585,57.682927,29.451220,-0.032227,-0.148438,1.006348
1690533888.710,-17.317073,59.573171,28.536585,-0.067383,-0.187012,0.969727
1690533888.719,-11.341463,59.207317,27.134146,-0.131104,-0.174072,0.959961
1690533888.727,-4.329268,57.865854,24.390244,-0.154541,-0.204102,0.951416
1690533888.736,3.780488,57.012195,21.585366,-0.175781,-0.208740,0.932373
1690533888.745,10.304878,54.878049,19.024390,-0.177002,-0.203857,0.947021
1690533888.754,14.329268,53.231707,17.743902,-0.174805,-0.159180,0.986084
1690533888.763,16.463415,51.890244,17.439024,-0.171143,-0.168701,0.991211
1690533888.772,16.646341,52.012195,31.158537,-0.158691,-0.144287,1.005615
1690533888.780,16.219512,53.597561,18.414634,-0.162598,-0.155762,1.010986
1690533888.789,14.207317,50.792683,19.390244,-0.146484,-0.114502,1.003662
1690533888.798,13.536585,53.292683,12.073171,-0.180664,-0.117188,1.004150
1690533888.807,12.256098,53.597561,12.926829,-0.176025,-0.148682,1.013184
1690533888.816,16.951220,54.634146,10.853659,-0.157227,-0.159668,1.012939
1690533888.825,20.914634,54.817073,8.109756,-0.208984,-0.163574,1.029297
1690533888.835,20.792683,53.536585,6.341463,-0.225586,-0.164795,1.057373
1690533888.843,22.134146,52.500000,2.865854,-0.232422,-0.168213,1.068359
1690533888.852,23.353659,53.780488,-0.975610,-0.239502,-0.154541,1.063721
1690533888.861,24.878049,55.548780,-2.256098,-0.245605,-0.124512,1.058838
1690533888.869,26.951220,53.902439,0.060976,-0.259766,-0.111816,1.070557
1690533888.878,29.695122,50.731707,-0.792683,-0.279297,-0.113281,1.075928
1690533888.886,32.560976,50.731707,-2.500000,-0.281982,-0.113525,1.052734
1690533888.896,32.987805,49.756098,-4.024390,-0.292236,-0.086182,1.067383
1690533888.905,29.268293,49.085366,-5.548780,-0.304443,-0.078125,1.063721
1690533888.914,25.914634,49.573171,-5.914634,-0.308594,-0.103516,1.099365
1690533888.922,24.085366,47.682927,-6.036585,-0.343506,-0.109619,1.114258
1690533888.931,21.829268,45.731707,-7.560976,-0.327637,-0.104004,1.110596
1690533888.939,17.804878,43.841463,-9.146341,-0.332275,-0.090332,1.090576
1690533888.948,13.414634,43.353659,-10.914634,-0.338135,-0.084229,1.068359
1690533888.958,11.829268,43.353659,-11.524390,-0.342285,-0.087891,1.058105
1690533888.966,11.707317,43.231707,-13.170732,-0.313965,-0.111572,1.045898
1690533888.975,11.524390,43.109756,-16.402439,-0.359619,-0.114746,1.031982
1690533888.985,8.902439,42.682927,-16.951220,-0.378662,-0.088135,1.045898
1690533888.994,3.902439,41.890244,-19.207317,-0.376709,-0.091309,1.053955
1690533889.003,0.609756,43.048780,-20.365854,-0.384766,-0.103760,1.057617
1690533889.012,-2.439024,41.768293,-21.402439,-0.377197,-0.128418,1.054199
1690533889.021,-6.280488,40.853659,-25.060976,-0.371338,-0.132812,1.058594
1690533889.030,-9.939024,41.707317,-26.036585,-0.368896,-0.129639,1.046387
1690533889.039,-11.280488,41.524390,-27.195122,-0.368652,-0.118164,1.040039
1690533889.049,-9.207317,40.060976,-27.195122,-0.369873,-0.113770,1.034180
1690533889.058,-5.609756,38.719512,-30.548780,-0.360840,-0.114502,1.033447
1690533889.067,-1.707317,39.390244,-34.024390,-0.362305,-0.109131,1.037842
1690533889.075,2.926829,40.548780,-37.560976,-0.372070,-0.093994,1.053955
1690533889.084,8.902439,40.609756,-39.146341,-0.394287,-0.147949,1.064453
1690533889.093,15.304878,38.902439,-40.609756,-0.412842,-0.187256,1.069092
1690533889.102,19.695122,37.987805,-42.134146,-0.427734,-0.140625,1.078613
1690533889.111,21.829268,36.463415,-43.231707,-0.439453,-0.118164,1.064697
1690533889.120,20.121951,36.219512,-46.585366,-0.426758,-0.104736,1.060791
1690533889.129,17.804878,37.012195,-46.463415,-0.426025,-0.093018,1.053467
1690533889.137,30.975610,36.646341,-47.073171,-0.408936,-0.117676,1.032959
1690533889.146,13.170732,34.573171,-48.109756,-0.404541,-0.134033,1.001953
1690533889.158,10.609756,32.195122,-48.536585,-0.395996,-0.108154,1.029785
1690533889.167,5.975610,31.646341,-50.121951,-0.412842,-0.085693,1.025879
1690533889.176,-1.402439,33.170732,-51.402439,-0.420654,-0.060547,1.021729
1690533889.184,-8.231707,34.512195,-51.280488,-0.433838,-0.065430,1.020752
1690533889.193,-13.292683,34.756098,-52.439024,-0.437256,-0.077393,1.000488
1690533889.202,-17.012195,35.304878,-55.304878,-0.435791,-0.062988,1.038086
1690533889.211,-19.390244,36.036585,-57.012195,-0.433105,-0.106689,1.061035
1690533889.220,-19.756098,35.853659,-57.865854,-0.447510,-0.079590,1.024902
1690533889.229,-18.109756,36.402439,-58.658537,-0.454102,-0.053467,1.023193
1690533889.239,-14.634146,37.195122,-58.414634,-0.452637,-0.055420,1.026367
1690533889.247,-7.439024,37.195122,-58.658537,-0.465332,-0.058594,1.032471
1690533889.256,2.195122,36.524390,-58.048780,-0.471191,-0.068115,1.024170
1690533889.265,14.939024,33.963415,-57.378049,-0.480957,-0.079102,1.012207
1690533889.273,25.487805,30.731707,-56.646341,-0.484131,-0.087402,1.002441
1690533889.282,33.780488,26.951220,-55.609756,-0.480713,-0.070801,0.971924
1690533889.291,38.902439,25.792683,-56.219512,-0.471680,-0.029785,0.990234
1690533889.300,41.524390,23.902439,-53.231707,-0.479004,-0.008301,0.996582
1690533889.308,41.280488,22.378049,-53.536585,-0.473633,0.016357,0.993652
1690533889.317,39.451220,22.987805,-50.792683,-0.486084,0.034424,0.977295
1690533889.327,37.317073,20.548780,-50.243902,-0.480225,0.055176,0.999023
1690533889.337,35.426829,20.060976,-48.475610,-0.494629,0.049805,0.963623
1690533889.345,35.243902,20.121951,-50.243902,-0.476807,0.041992,0.954590
1690533889.355,34.756098,19.573171,-47.317073,-0.492188,0.066162,0.943115
1690533889.363,32.560976,16.707317,-43.414634,-0.485107,0.078857,0.949219
1690533889.372,28.658537,16.280488,-41.951220,-0.479736,0.080566,0.960205
1690533889.380,25.000000,16.097561,-40.365854,-0.448486,0.065430,0.977539
1690533889.390,21.036585,16.890244,-39.634146,-0.467041,0.077148,0.966553
1690533889.399,16.158537,16.890244,-39.085366,-0.476318,0.102783,0.956787
1690533889.407,11.341463,16.951220,-37.926829,-0.485352,0.095459,0.952881
1690533889.418,9.512195,15.731707,-35.304878,-0.486572,0.069336,0.966064
1690533889.427,10.609756,14.451220,-32.682927,-0.484863,0.052246,0.965088
1690533889.436,13.170732,12.500000,-46.829268,-0.491699,0.040771,0.966064
1690533889.444,15.000000,10.000000,-29.939024,-0.493652,0.052490,0.973877
1690533889.454,13.902439,9.268293,-27.987805,-0.513672,0.080811,0.962158
1690533889.462,13.719512,7.987805,-18.780488,-0.517334,0.071289,0.909912
1690533889.471,7.682927,9.573171,-36.402439,-0.470459,0.119629,0.953125
1690533889.480,0.670732,10.365854,-26.585366,-0.491699,0.120850,0.938477
1690533889.489,1.707317,7.012195,-14.207317,-0.489990,0.045654,0.938721
1690533889.497,8.414634,4.817073,-22.560976,-0.443848,-0.038086,0.947021
1690533889.506,0.243902,4.512195,-21.646341,-0.464355,-0.013184,0.950684
1690533889.514,18.536585,0.548780,-15.853659,-0.486816,0.070801,0.942139
1690533889.526,15.731707,0.548780,-13.841463,-0.479004,0.087891,0.944824
1690533889.535,12.439024,1.951220,-12.317073,-0.466309,0.067139,0.942139
1690533889.544,12.073171,2.134146,-12.073171,-0.466797,0.039795,0.937256
1690533889.553,11.646341,2.317073,-14.512195,-0.474854,0.000488,0.925293
1690533889.561,11.463415,1.219512,-11.951220,-0.485107,0.033203,0.919922
1690533889.570,10.731707,-0.731707,-9.146341,-0.477783,0.031738,0.907959
1690533889.580,9.024390,-0.182927,-10.548780,-0.459229,0.017822,0.888672
1690533889.589,7.134146,1.036585,-10.975610,-0.456055,0.005859,0.884521
1690533889.598,5.731707,2.743902,-11.585366,-0.464355,0.001221,0.883301
1690533889.606,4.451220,3.719512,-11.768293,-0.472168,-0.019531,0.889404
1690533889.615,4.085366,3.597561,-11.951220,-0.441162,-0.006592,0.898682
1690533889.624,2.012195,3.292683,-11.707317,-0.481201,0.007812,0.904785
1690533889.634,-2.560976,4.146341,-11.768293,-0.462402,0.016113,0.897217
1690533889.643,-5.670732,5.548780,-12.073171,-0.448242,0.007568,0.890869
1690533889.651,-7.134146,6.829268,-11.158537,-0.443604,-0.008545,0.882324
1690533889.660,-6.341463,6.829268,-10.182927,-0.448242,-0.037109,0.885498
1690533889.669,-4.756098,6.707317,-12.317073,-0.451416,-0.048828,0.886963
1690533889.677,-3.719512,6.463415,-11.402439,-0.464844,-0.042969,0.886475
1690533889.686,-3.353659,5.792683,-10.487805,-0.459717,-0.031738,0.894043
1690533889.695,-3.841463,6.585366,-11.707317,-0.458740,-0.019043,0.886719
1690533889.704,-4.329268,7.500000,-11.402439,-0.452148,-0.008789,0.887451
1690533889.713,-3.231707,7.926829,-10.243902,-0.451416,-0.014160,0.894775
1690533889.722,-0.426829,8.231707,-9.512195,-0.455322,-0.025146,0.897949
1690533889.731,2.439024,7.682927,-9.878049,-0.456055,-0.038330,0.902832
1690533889.739,3.719512,7.621951,-9.451220,-0.462402,-0.035889,0.906250
1690533889.748,3.475610,7.195122,-8.597561,-0.465820,-0.003906,0.896484
1690533889.756,0.792683,6.951220,-7.804878,-0.479248,0.015137,0.901611
1690533889.765,-0.975610,7.195122,-7.012195,-0.481689,0.008545,0.898926
1690533889.773,-0.853659,7.439024,-7.073171,-0.472900,-0.003662,0.900391
1690533889.782,1.524390,7.682927,-6.890244,-0.475098,-0.006836,0.894287
1690533889.791,4.634146,7.926829,-6.646341,-0.479004,-0.007812,0.883789
1690533889.799,7.317073,7.378049,-6.036585,-0.472412,-0.015137,0.891602
1690533889.808,9.573171,6.463415,-4.695122,-0.471436,-0.014160,0.907227
1690533889.817,10.060976,6.463415,-4.024390,-0.466797,0.004883,0.912598
1690533889.826,9.146341,7.073171,-3.353659,-0.472656,0.023193,0.908936
1690533889.834,7.500000,7.560976,-3.536585,-0.499512,0.029785,0.904541
1690533889.843,6.219512,7.500000,-3.231707,-0.460938,0.010986,0.917969
1690533889.852,6.768293,6.829268,-2.560976,-0.456299,-0.000977,0.927490
1690533889.861,8.231707,5.243902,-2.073171,-0.452393,-0.004639,0.931152
1690533889.872,7.804878,4.817073,-1.768293,-0.442383,-0.007812,0.934814
1690533889.881,7.256098,3.963415,0.304878,-0.449951,0.004883,0.935547
1690533889.889,5.670732,3.231707,1.280488,-0.454346,0.009521,0.939453
1690533889.898,3.902439,3.780488,0.975610,-0.470215,0.013916,0.916504
1690533889.906,2.682927,4.207317,2.012195,-0.439697,0.001953,0.913330
1690533889.915,2.439024,2.987805,3.292683,-0.468018,-0.016113,0.920654
1690533889.923,2.256098,2.134146,2.500000,-0.461914,-0.033203,0.935303
1690533889.932,1.768293,1.524390,2.317073,-0.452393,-0.021484,0.937256
1690533889.940,-0.670732,1.585366,1.890244,-0.448486,-0.006348,0.933838
1690533889.949,-3.536585,2.378049,1.646341,-0.460449,0.005127,0.932617
1690533889.958,-4.573171,2.926829,2.317073,-0.482422,0.003906,0.927002
1690533889.967,-2.743902,3.048780,2.500000,-0.499756,-0.012451,0.917480
1690533889.976,1.280488,2.317073,2.378049,-0.506592,-0.024170,0.910645
1690533889.984,5.000000,1.097561,2.317073,-0.495605,-0.039795,0.912842
1690533889.993,6.829268,0.000000,2.256098,-0.483398,-0.041992,0.913330
1690533890.002,5.182927,0.121951,2.012195,-0.476074,-0.018799,0.910400
1690533890.010,0.426829,1.097561,1.646341,-0.476807,0.015137,0.908447
1690533890.019,-5.670732,2.012195,1.036585,-0.478516,0.015869,0.922607
1690533890.028,-9.695122,3.902439,0.914634,-0.499023,0.014160,0.922607
1690533890.038,-10.914634,4.207317,-0.243902,-0.469971,-0.004150,0.939697
1690533890.047,-10.060976,4.634146,0.243902,-0.470703,-0.019043,0.940918
1690533890.055,-6.524390,2.743902,0.304878,-0.463867,-0.031982,0.944092
1690533890.064,-3.109756,2.743902,-2.621951,-0.467285,-0.030762,0.932861
1690533890.072,-1.036585,2.743902,-1.768293,-0.465576,-0.024170,0.927979
1690533890.081,0.975610,1.585366,-0.487805,-0.472168,-0.012939,0.921143
1690533890.089,2.621951,0.792683,-0.304878,-0.487549,-0.012207,0.915771
1690533890.098,4.573171,0.182927,0.365854,-0.490479,-0.007812,0.914062
1690533890.106,6.097561,-1.097561,1.524390,-0.494141,-0.003906,0.911865
1690533890.115,7.621951,-1.768293,2.012195,-0.479736,-0.008301,0.917969
1690533890.125,8.963415,-1.768293,2.743902,-0.478271,-0.007568,0.909424
1690533890.134,8.902439,-1.707317,3.292683,-0.471436,-0.000488,0.899170
1690533890.142,7.804878,-1.890244,4.268293,-0.472656,-0.000488,0.900146
1690533890.151,5.243902,-2.439024,5.365854,-0.480225,0.001221,0.893066
1690533890.160,2.073171,-2.987805,6.524390,-0.488525,0.029785,0.894775
1690533890.169,-0.548780,-3.231707,7.134146,-0.480469,-0.010742,0.886963
1690533890.178,-2.926829,-2.926829,7.743902,-0.471924,-0.010742,0.885010
1690533890.187,-4.634146,-2.256098,8.170732,-0.461182,-0.009521,0.875244
1690533890.196,-6.097561,-1.524390,7.378049,-0.459229,-0.020020,0.877441
1690533890.205,-7.621951,-0.304878,6.768293,-0.455322,-0.030273,0.892822
1690533890.213,-8.414634,0.609756,5.731707,-0.465088,-0.030762,0.891357
1690533890.222,-8.414634,1.036585,5.060976,-0.492432,-0.032471,0.887939
1690533890.232,-6.707317,0.670732,4.024390,-0.490723,-0.044922,0.887695
1690533890.240,-3.353659,-0.182927,3.841463,-0.485107,-0.067627,0.890381
1690533890.251,1.219512,-0.975610,4.756098,-0.481445,-0.078369,0.898926
1690533890.260,5.060976,-2.439024,5.914634,-0.499023,-0.070557,0.902588
1690533890.269,6.890244,-3.170732,6.341463,-0.451660,-0.070801,0.900879
1690533890.278,6.158537,-2.682927,6.829268,-0.454834,-0.060059,0.905029
1690533890.287,3.109756,-2.256098,6.768293,-0.448975,-0.057861,0.898926
1690533890.296,-0.975610,-1.463415,6.158537,-0.451172,-0.055420,0.890869
1690533890.305,-4.634146,-0.731707,5.487805,-0.456543,-0.059570,0.885498
1690533890.314,-7.012195,-0.487805,5.243902,-0.461670,-0.067383,0.884033
1690533890.323,-8.353659,15.548780,4.634146,-0.455566,-0.072266,0.891357
1690533890.332,-8.414634,0.365854,3.902439,-0.453613,-0.078369,0.894775
1690533890.340,-8.292683,0.792683,2.926829,-0.453613,-0.072510,0.896240
1690533890.349,-7.804878,1.524390,1.524390,-0.460449,-0.070068,0.898438
1690533890.359,-6.768293,2.134146,0.426829,-0.469971,-0.064941,0.900146
1690533890.368,-4.939024,2.073171,-0.182927,-0.467529,-0.087646,0.894043
1690533890.376,-2.317073,1.646341,-1.280488,-0.459961,-0.064209,0.910156
1690533890.385,-0.487805,1.158537,-1.707317,-0.454834,-0.095215,0.908936
1690533890.395,0.060976,1.158537,-2.500000,-0.447021,-0.080322,0.910645
1690533890.405,-0.609756,2.134146,-2.439024,-0.442627,-0.064697,0.907959
1690533890.414,-1.524390,2.621951,-2.926829,-0.448730,-0.068848,0.903564
1690533890.422,-1.890244,2.987805,-3.780488,-0.454102,-0.072510,0.906494
1690533890.433,-2.560976,3.170732,-4.024390,-0.467285,-0.063232,0.902832
1690533890.442,-3.841463,2.987805,-4.207317,-0.471680,-0.056641,0.905518
1690533890.451,-4.268293,3.170732,-4.390244,-0.469238,-0.054932,0.892578
1690533890.461,-3.597561,3.353659,-4.207317,-0.498291,-0.050293,0.890869
1690533890.469,-2.439024,3.048780,-3.841463,-0.462646,-0.059814,0.891602
1690533890.478,-1.097561,2.743902,-3.597561,-0.464111,-0.063232,0.894531
1690533890.487,-0.670732,2.560976,-4.146341,-0.459961,-0.051758,0.895508
1690533890.497,-1.890244,3.292683,-4.817073,-0.461670,-0.038818,0.886963
1690533890.505,-3.963415,4.207317,-4.878049,-0.463379,-0.041260,0.884766
1690533890.513,-5.304878,4.878049,-4.634146,-0.464355,-0.045166,0.892090
1690533890.523,-5.548780,4.756098,-4.512195,-0.460205,-0.052979,0.891357
1690533890.531,-4.573171,4.268293,-4.634146,-0.450928,-0.057129,0.892334
1690533890.540,-4.268293,4.146341,-5.670732,-0.447266,-0.056152,0.905762
1690533890.551,-5.060976,4.939024,-5.548780,-0.448730,-0.051270,0.904541
1690533890.560,-5.000000,5.304878,-5.243902,-0.449951,-0.045654,0.877686
1690533890.569,-3.963415,5.670732,-5.731707,-0.458984,-0.045410,0.897705
1690533890.578,-2.804878,5.304878,-5.121951,-0.464111,-0.040283,0.885010
1690533890.588,-1.036585,5.121951,-4.756098,-0.460449,-0.047852,0.884521
1690533890.597,1.524390,4.695122,-4.634146,-0.454102,-0.054688,0.892578
1690533890.606,3.902439,4.512195,-4.146341,-0.449463,-0.045410,0.899658
1690533890.616,3.597561,4.146341,-3.475610,-0.442871,-0.034912,0.901611
1690533890.625,1.524390,5.000000,-3.780488,-0.440674,-0.028809,0.908447
1690533890.633,-1.463415,5.975610,-4.512195,-0.446533,-0.019043,0.897461
1690533890.642,-5.304878,6.890244,-4.512195,-0.463135,-0.006104,0.887695
1690533890.651,-7.560976,7.743902,-4.268293,-0.468994,-0.015137,0.888428
1690533890.660,-6.402439,7.560976,-3.963415,-0.471436,-0.033447,0.895508
1690533890.670,-3.719512,6.890244,-3.719512,-0.472656,-0.050781,0.898438
1690533890.679,-0.975610,5.975610,-3.597561,-0.463379,-0.054688,0.900879
1690533890.689,0.060976,5.609756,-2.621951,-0.461426,-0.044189,0.907959
1690533890.697,-0.182927,5.304878,-1.768293,-0.459961,-0.041504,0.913818
